{
  "type_HeartRate": {
    "mean": 87.587850181863,
    "std": 11.87683247174278,
    "median": 86.0,
    "q25": 80.0,
    "q75": 95.0,
    "count": 356862
  },
  "type_WalkingHeartRateAverage": {
    "mean": 99.93257074051776,
    "std": 8.38439988307811,
    "median": 100.0,
    "q25": 94.5,
    "q75": 105.0,
    "count": 1661
  },
  "type_RestingHeartRate": {
    "mean": 74.05002842524162,
    "std": 5.5437856597942075,
    "median": 75.0,
    "q25": 72.0,
    "q75": 77.0,
    "count": 1759
  },
  "period_Morning": {
    "mean": 86.49064211672436,
    "std": 11.891142934398768,
    "median": 84.0,
    "count": 110671
  },
  "period_Afternoon": {
    "mean": 89.42938144690352,
    "std": 11.41681422957287,
    "median": 88.0,
    "count": 135282
  },
  "period_Evening": {
    "mean": 88.0257597677219,
    "std": 11.038607673281218,
    "median": 86.0,
    "count": 88859
  },
  "period_Night": {
    "mean": 80.9165673262662,
    "std": 14.33409137008912,
    "median": 81.0,
    "count": 25470
  },
  "workout_None": {
    "mean": 86.88462470761186,
    "std": 11.389074943404717,
    "median": 85.0,
    "count": 338078
  },
  "workout_Walking": {
    "mean": 96.13943662618274,
    "std": 12.173908992058958,
    "median": 96.0,
    "count": 14162
  },
  "workout_Rowing": {
    "mean": 103.75370259391772,
    "std": 16.823423547075375,
    "median": 106.0,
    "count": 6708
  },
  "workout_Hiking": {
    "mean": 107.84899999999999,
    "std": 15.57706053622289,
    "median": 105.0,
    "count": 60
  },
  "workout_Running": {
    "mean": 88.50204861538461,
    "std": 17.5855444042206,
    "median": 81.0,
    "count": 325
  },
  "workout_Cycling": {
    "mean": 91.14498988408852,
    "std": 11.625613169415043,
    "median": 90.0,
    "count": 949
  }
}