field,macro_f1,balanced_acc,n
location,0.2912325590289576,0.3420078937983433,372168
activity,0.2931565341308651,0.3269340461032845,308320
companion,0.42283271509057857,0.45169822975612933,192771
