detector,ROC_AUC,PR_AUC,best_F1,threshold,prevalence
LLM-semantic (node),0.6999399463895983,0.3400097195178406,0.43434971997510885,3.3417936676056446,0.008893989384593315
GCN-DOMINANT (node),0.8457573960721327,0.10556736509147964,0.30671989354624085,0.8094329237937927,0.008893989384593315
GCN-DOMINANT (edge),0.7098874562239631,0.11128217659375066,0.2622222222222222,0.7810624837875366,0.00021271798275282597
